Cluster_Name,Faculty,Major,TCAS_Quota_Seats,TCAS_Applicants,Competition_Ratio,Tuition_Fee_Per_Term,Employment_Rate,Starting_Salary,Demand_Status
Health Sciences,Medicine,Medicine,280,3500,12.5,18000,98.5,45000,Shortage
Health Sciences,Pharmacy,Pharmacy,120,3800,31.6,18000,96.0,28000,High Demand
Health Sciences,Dentistry,Dentistry,80,2400,30.0,25000,99.0,40000,Shortage
Health Sciences,Nursing,Nursing,250,2000,8.0,15000,97.5,25000,High Demand
STEM & AI,Computing,Data Science & AI,60,1100,18.3,15000,93.5,30000,High Demand
STEM & AI,Computing,Computer Science,150,1800,12.0,15000,92.0,28000,High Demand
STEM & AI,Engineering,Robotics Engineering,40,650,16.2,30000,94.0,32000,High Demand
STEM & AI,Engineering,Computer Engineering,100,1500,15.0,18000,95.0,31000,High Demand
Social Sciences,Law,Law,300,2800,9.3,10000,85.0,18000,Balanced
Social Sciences,Business,Accounting,250,3000,12.0,15000,90.0,22000,Balanced
Social Sciences,Humanities,English,200,1800,9.0,12000,82.0,17000,Moderate Oversupply
Social Sciences,Education,Teaching,400,4500,11.25,12000,88.0,18000,Balanced
